dpt_idr_department,but_idr_business_unit,wee_id_week,oxr_account,f_value_account,rs_technical_date,rs_technical_flow
607,34037,201703,RTCMGI_AL,0.24886,2018-12-08 06:32:49.426331,init_taux_de_marge
607,34037,201703,S24300,20.78163,2018-12-08 06:32:49.426331,init_provision_demarque
607,34037,201703,T6100E,340.80290,2018-12-08 06:32:49.426331,calcul_frais_surface
607,34037,201703,T6520E,45.77104,2018-12-08 06:32:49.426331,calcul_contribution
607,34037,201703,W200,94.22415,2018-12-08 06:32:49.426331,calcul_reduction_sur_marge
607,34037,201703,NETMGE,792.33422,2018-12-08 06:32:49.426331,calcul_marge_nette
607,34037,201703,700TTC,3645.90000,2018-12-08 06:32:49.426331,init_t_order_week_but_dpt
607,34037,201703,13500_AL,447.00000,2018-12-08 06:32:49.426331,init_t_order_week_but_dpt
607,34037,201703,S13298_AL,293.00000,2018-12-08 06:32:49.426331,init_t_order_week_but_dpt
607,34037,201703,NETMGI_AL,907.34001,2018-12-08 06:32:49.426331,init_t_order_week_but_dpt
607,34037,201703,S10190R,23.40000,2018-12-08 06:32:49.426331,init_linear_meter
769,34037,201703,S10190R,0.00000,2018-12-08 06:32:49.426331,init_linear_meter
4705,34037,201703,RTCMGI_AL,0.21730,2018-12-08 06:32:49.426331,init_taux_de_marge
4705,34037,201703,S24300,0.10242,2018-12-08 06:32:49.426331,init_provision_demarque
4705,34037,201703,T6100E,1.58267,2018-12-08 06:32:49.426331,calcul_frais_surface
4705,34037,201703,T6520E,0.22559,2018-12-08 06:32:49.426331,calcul_contribution
4705,34037,201703,W200,0.00228,2018-12-08 06:32:49.426331,calcul_reduction_sur_marge
4705,34037,201703,NETMGE,3.80028,2018-12-08 06:32:49.426331,calcul_marge_nette
4705,34037,201703,700TTC,17.97000,2018-12-08 06:32:49.426331,init_t_order_week_but_dpt
4705,34037,201703,13500_AL,3.00000,2018-12-08 06:32:49.426331,init_t_order_week_but_dpt
4705,34037,201703,S13298_AL,3.00000,2018-12-08 06:32:49.426331,init_t_order_week_but_dpt
4705,34037,201703,NETMGI_AL,3.90500,2018-12-08 06:32:49.426331,init_t_order_week_but_dpt
620,34037,201703,S10190R,0.00000,2018-12-08 06:32:49.426331,init_linear_meter
540,34037,201703,RTCMGI_AL,0.04550,2018-12-08 06:32:49.426331,init_taux_de_marge
540,34037,201703,S24300,26.32118,2018-12-08 06:32:49.426331,init_provision_demarque
540,34037,201703,T6100E,431.67488,2018-12-08 06:32:49.426331,calcul_frais_surface
540,34037,201703,T6520E,57.97176,2018-12-08 06:32:49.426331,calcul_contribution
540,34037,201703,W200,151.15202,2018-12-08 06:32:49.426331,calcul_reduction_sur_marge
762,34037,201703,RTCMGI_AL,-6.74666,2018-12-08 06:32:49.426331,init_taux_de_marge
762,34037,201703,S24300,0.01140,2018-12-08 06:32:49.426331,init_provision_demarque
762,34037,201703,T6100E,0.13188,2018-12-08 06:32:49.426331,calcul_frais_surface
762,34037,201703,T6520E,0.02510,2018-12-08 06:32:49.426331,calcul_contribution
762,34037,201703,W200,0.00002,2018-12-08 06:32:49.426331,calcul_reduction_sur_marge
540,34037,201703,NETMGE,32.66070,2018-12-08 06:32:49.426331,calcul_marge_nette
762,34037,201703,NETMGE,-13.50476,2018-12-08 06:32:49.426331,calcul_marge_nette
540,34037,201703,700TTC,4617.75200,2018-12-08 06:32:49.426331,init_t_order_week_but_dpt
762,34037,201703,700TTC,2.00000,2018-12-08 06:32:49.426331,init_t_order_week_but_dpt
540,34037,201703,13500_AL,464.00000,2018-12-08 06:32:49.426331,init_t_order_week_but_dpt
762,34037,201703,13500_AL,1.00000,2018-12-08 06:32:49.426331,init_t_order_week_but_dpt
540,34037,201703,S13298_AL,211.00000,2018-12-08 06:32:49.426331,init_t_order_week_but_dpt
762,34037,201703,S13298_AL,1.00000,2018-12-08 06:32:49.426331,init_t_order_week_but_dpt
540,34037,201703,NETMGI_AL,210.13391,2018-12-08 06:32:49.426331,init_t_order_week_but_dpt
762,34037,201703,NETMGI_AL,-13.49333,2018-12-08 06:32:49.426331,init_t_order_week_but_dpt
540,34037,201703,S10190R,53.00000,2018-12-08 06:32:49.426331,init_linear_meter
750,34037,201703,S10190R,0.00000,2018-12-08 06:32:49.426331,init_linear_meter
762,34037,201703,S10190R,0.00000,2018-12-08 06:32:49.426331,init_linear_meter
4711,34037,201703,RTCMGI_AL,0.22700,2018-12-08 06:32:49.426331,init_taux_de_marge
4711,34037,201703,S24300,54.62104,2018-12-08 06:32:49.426331,init_provision_demarque
4711,34037,201703,T6100E,895.79462,2018-12-08 06:32:49.426331,calcul_frais_surface
4711,34037,201703,T6520E,120.30156,2018-12-08 06:32:49.426331,calcul_contribution
4711,34037,201703,W200,650.91325,2018-12-08 06:32:49.426331,calcul_reduction_sur_marge
4711,34037,201703,NETMGE,1469.80729,2018-12-08 06:32:49.426331,calcul_marge_nette
4711,34037,201703,700TTC,9582.64000,2018-12-08 06:32:49.426331,init_t_order_week_but_dpt
4711,34037,201703,13500_AL,863.00000,2018-12-08 06:32:49.426331,init_t_order_week_but_dpt
4711,34037,201703,S13298_AL,656.00000,2018-12-08 06:32:49.426331,init_t_order_week_but_dpt
4711,34037,201703,NETMGI_AL,2175.34159,2018-12-08 06:32:49.426331,init_t_order_week_but_dpt
4576,34037,201703,S10190R,0.00000,2018-12-08 06:32:49.426331,init_linear_meter
4711,34037,201703,S10190R,22.80000,2018-12-08 06:32:49.426331,init_linear_meter
4720,34037,201703,S10190R,0.00000,2018-12-08 06:32:49.426331,init_linear_meter
4744,34037,201703,S10190R,0.00000,2018-12-08 06:32:49.426331,init_linear_meter
713,34037,201703,RTCMGI_AL,0.00000,2018-12-08 06:32:49.426331,init_taux_de_marge
713,34037,201703,S24300,0.00000,2018-12-08 06:32:49.426331,init_provision_demarque
713,34037,201703,T6100E,0.00000,2018-12-08 06:32:49.426331,calcul_frais_surface
713,34037,201703,T6520E,0.00000,2018-12-08 06:32:49.426331,calcul_contribution
713,34037,201703,W200,0.00000,2018-12-08 06:32:49.426331,calcul_reduction_sur_marge
4682,34037,201703,RTCMGI_AL,0.32725,2018-12-08 06:32:49.426331,init_taux_de_marge
4682,34037,201703,S24300,0.38452,2018-12-08 06:32:49.426331,init_provision_demarque
4682,34037,201703,T6100E,6.19881,2018-12-08 06:32:49.426331,calcul_frais_surface
4682,34037,201703,T6520E,0.84690,2018-12-08 06:32:49.426331,calcul_contribution
4682,34037,201703,W200,0.03225,2018-12-08 06:32:49.426331,calcul_reduction_sur_marge
713,34037,201703,NETMGE,-36.93000,2018-12-08 06:32:49.426331,calcul_marge_nette
4682,34037,201703,NETMGE,21.65988,2018-12-08 06:32:49.426331,calcul_marge_nette
713,34037,201703,700TTC,0.00000,2018-12-08 06:32:49.426331,init_t_order_week_but_dpt
4682,34037,201703,700TTC,67.46000,2018-12-08 06:32:49.426331,init_t_order_week_but_dpt
713,34037,201703,13500_AL,1.00000,2018-12-08 06:32:49.426331,init_t_order_week_but_dpt
4682,34037,201703,13500_AL,4.00000,2018-12-08 06:32:49.426331,init_t_order_week_but_dpt
713,34037,201703,S13298_AL,3.00000,2018-12-08 06:32:49.426331,init_t_order_week_but_dpt
4682,34037,201703,S13298_AL,3.00000,2018-12-08 06:32:49.426331,init_t_order_week_but_dpt
713,34037,201703,NETMGI_AL,-36.93000,2018-12-08 06:32:49.426331,init_t_order_week_but_dpt
4682,34037,201703,NETMGI_AL,22.07666,2018-12-08 06:32:49.426331,init_t_order_week_but_dpt
713,34037,201703,S10190R,0.00000,2018-12-08 06:32:49.426331,init_linear_meter
4682,34037,201703,S10190R,0.40000,2018-12-08 06:32:49.426331,init_linear_meter
4740,34037,201703,S10190R,0.00000,2018-12-08 06:32:49.426331,init_linear_meter
998,34037,201703,RTCMGI_AL,0.02105,2018-12-08 06:32:49.426331,init_taux_de_marge
998,34037,201703,S24300,12.53863,2018-12-08 06:32:49.426331,init_provision_demarque
998,34037,201703,T6100E,205.61599,2018-12-08 06:32:49.426331,calcul_frais_surface
998,34037,201703,T6520E,27.61604,2018-12-08 06:32:49.426331,calcul_contribution
998,34037,201703,W200,34.30073,2018-12-08 06:32:49.426331,calcul_reduction_sur_marge
998,34037,201703,NETMGE,-0.52769,2018-12-08 06:32:49.426331,calcul_marge_nette
998,34037,201703,700TTC,2199.76000,2018-12-08 06:32:49.426331,init_t_order_week_but_dpt
998,34037,201703,13500_AL,133.00000,2018-12-08 06:32:49.426331,init_t_order_week_but_dpt
998,34037,201703,S13298_AL,110.00000,2018-12-08 06:32:49.426331,init_t_order_week_but_dpt
998,34037,201703,NETMGI_AL,46.31167,2018-12-08 06:32:49.426331,init_t_order_week_but_dpt
517,34037,201703,S10190R,1.50000,2018-12-08 06:32:49.426331,init_linear_meter
692,34037,201703,S10190R,0.00000,2018-12-08 06:32:49.426331,init_linear_meter
987,34037,201703,S10190R,0.00000,2018-12-08 06:32:49.426331,init_linear_meter
998,34037,201703,S10190R,11.20000,2018-12-08 06:32:49.426331,init_linear_meter
4782,34037,201703,S10190R,0.00000,2018-12-08 06:32:49.426331,init_linear_meter
4892,34037,201703,S10190R,14.90000,2018-12-08 06:32:49.426331,init_linear_meter
511,34037,201703,RTCMGI_AL,-0.40855,2018-12-08 06:32:49.426331,init_taux_de_marge
511,34037,201703,S24300,0.12528,2018-12-08 06:32:49.426331,init_provision_demarque
511,34037,201703,T6100E,1.97834,2018-12-08 06:32:49.426331,calcul_frais_surface
511,34037,201703,T6520E,0.27593,2018-12-08 06:32:49.426331,calcul_contribution
511,34037,201703,W200,0.00342,2018-12-08 06:32:49.426331,calcul_reduction_sur_marge
543,34037,201703,RTCMGI_AL,0.36852,2018-12-08 06:32:49.426331,init_taux_de_marge
543,34037,201703,S24300,-0.09393,2018-12-08 06:32:49.426331,init_provision_demarque
543,34037,201703,T6100E,0.00000,2018-12-08 06:32:49.426331,calcul_frais_surface
543,34037,201703,T6520E,-0.20689,2018-12-08 06:32:49.426331,calcul_contribution
543,34037,201703,W200,0.00000,2018-12-08 06:32:49.426331,calcul_reduction_sur_marge
511,34037,201703,NETMGE,-9.10871,2018-12-08 06:32:49.426331,calcul_marge_nette
543,34037,201703,NETMGE,-5.97939,2018-12-08 06:32:49.426331,calcul_marge_nette
511,34037,201703,700TTC,21.98000,2018-12-08 06:32:49.426331,init_t_order_week_but_dpt
543,34037,201703,700TTC,-16.48000,2018-12-08 06:32:49.426331,init_t_order_week_but_dpt
511,34037,201703,13500_AL,2.00000,2018-12-08 06:32:49.426331,init_t_order_week_but_dpt
543,34037,201703,13500_AL,-2.00000,2018-12-08 06:32:49.426331,init_t_order_week_but_dpt
511,34037,201703,S13298_AL,2.00000,2018-12-08 06:32:49.426331,init_t_order_week_but_dpt
543,34037,201703,S13298_AL,2.00000,2018-12-08 06:32:49.426331,init_t_order_week_but_dpt
511,34037,201703,NETMGI_AL,-8.98000,2018-12-08 06:32:49.426331,init_t_order_week_but_dpt
543,34037,201703,NETMGI_AL,-6.07333,2018-12-08 06:32:49.426331,init_t_order_week_but_dpt
124,34037,201703,S10190R,0.00000,2018-12-08 06:32:49.426331,init_linear_meter
435,34037,201703,S10190R,0.00000,2018-12-08 06:32:49.426331,init_linear_meter
511,34037,201703,S10190R,0.30000,2018-12-08 06:32:49.426331,init_linear_meter
543,34037,201703,S10190R,0.00000,2018-12-08 06:32:49.426331,init_linear_meter
641,34037,201703,S10190R,0.10000,2018-12-08 06:32:49.426331,init_linear_meter
1247,34037,201703,S10190R,0.00000,2018-12-08 06:32:49.426331,init_linear_meter
4687,34037,201703,S10190R,0.00000,2018-12-08 06:32:49.426331,init_linear_meter
827,34037,201703,RTCMGI_AL,-0.71962,2018-12-08 06:32:49.426331,init_taux_de_marge
827,34037,201703,S24300,0.14529,2018-12-08 06:32:49.426331,init_provision_demarque
827,34037,201703,T6100E,2.37401,2018-12-08 06:32:49.426331,calcul_frais_surface
827,34037,201703,T6520E,0.32000,2018-12-08 06:32:49.426331,calcul_contribution
827,34037,201703,W200,0.00460,2018-12-08 06:32:49.426331,calcul_reduction_sur_marge
827,34037,201703,NETMGE,-18.49323,2018-12-08 06:32:49.426331,calcul_marge_nette
827,34037,201703,700TTC,25.49000,2018-12-08 06:32:49.426331,init_t_order_week_but_dpt
827,34037,201703,13500_AL,1.00000,2018-12-08 06:32:49.426331,init_t_order_week_but_dpt
827,34037,201703,S13298_AL,3.00000,2018-12-08 06:32:49.426331,init_t_order_week_but_dpt
827,34037,201703,NETMGI_AL,-18.34333,2018-12-08 06:32:49.426331,init_t_order_week_but_dpt
525,34037,201703,S10190R,0.00000,2018-12-08 06:32:49.426331,init_linear_meter
805,34037,201703,S10190R,0.00000,2018-12-08 06:32:49.426331,init_linear_meter
827,34037,201703,S10190R,0.30000,2018-12-08 06:32:49.426331,init_linear_meter
1034,34037,201703,S10190R,0.00000,2018-12-08 06:32:49.426331,init_linear_meter
4726,34037,201703,S10190R,5.40000,2018-12-08 06:32:49.426331,init_linear_meter
4731,34037,201703,S10190R,0.00000,2018-12-08 06:32:49.426331,init_linear_meter
4812,34037,201703,S10190R,0.00000,2018-12-08 06:32:49.426331,init_linear_meter
4876,34037,201703,S10190R,8.00000,2018-12-08 06:32:49.426331,init_linear_meter
0,34037,201703,RTCMGI_AL,0.00000,2018-12-08 06:32:49.426331,init_taux_de_marge
0,34037,201703,S24300,0.28494,2018-12-08 06:32:49.426331,init_provision_demarque
0,34037,201703,T6100E,4.61613,2018-12-08 06:32:49.426331,calcul_frais_surface
0,34037,201703,T6520E,0.62758,2018-12-08 06:32:49.426331,calcul_contribution
0,34037,201703,W200,0.01771,2018-12-08 06:32:49.426331,calcul_reduction_sur_marge
779,34037,201703,RTCMGI_AL,0.06226,2018-12-08 06:32:49.426331,init_taux_de_marge
779,34037,201703,S24300,1.12797,2018-12-08 06:32:49.426331,init_provision_demarque
779,34037,201703,T6100E,18.46455,2018-12-08 06:32:49.426331,calcul_frais_surface
779,34037,201703,T6520E,2.48433,2018-12-08 06:32:49.426331,calcul_contribution
779,34037,201703,W200,0.27758,2018-12-08 06:32:49.426331,calcul_reduction_sur_marge
865,34037,201703,RTCMGI_AL,-0.13266,2018-12-08 06:32:49.426331,init_taux_de_marge
865,34037,201703,S24300,3.59821,2018-12-08 06:32:49.426331,init_provision_demarque
865,34037,201703,T6100E,58.95468,2018-12-08 06:32:49.426331,calcul_frais_surface
865,34037,201703,T6520E,7.92491,2018-12-08 06:32:49.426331,calcul_contribution
865,34037,201703,W200,2.82473,2018-12-08 06:32:49.426331,calcul_reduction_sur_marge
4749,34037,201703,RTCMGI_AL,0.25690,2018-12-08 06:32:49.426331,init_taux_de_marge
4749,34037,201703,S24300,5.87949,2018-12-08 06:32:49.426331,init_provision_demarque
4749,34037,201703,T6100E,96.41134,2018-12-08 06:32:49.426331,calcul_frais_surface
4749,34037,201703,T6520E,12.94944,2018-12-08 06:32:49.426331,calcul_contribution
4749,34037,201703,W200,7.54193,2018-12-08 06:32:49.426331,calcul_reduction_sur_marge
0,34037,201703,NETMGE,-0.30265,2018-12-08 06:32:49.426331,calcul_marge_nette
779,34037,201703,NETMGE,10.91610,2018-12-08 06:32:49.426331,calcul_marge_nette
865,34037,201703,NETMGE,-90.16745,2018-12-08 06:32:49.426331,calcul_marge_nette
4749,34037,201703,NETMGE,251.57190,2018-12-08 06:32:49.426331,calcul_marge_nette
0,34037,201703,700TTC,49.99000,2018-12-08 06:32:49.426331,init_t_order_week_but_dpt
779,34037,201703,700TTC,197.89000,2018-12-08 06:32:49.426331,init_t_order_week_but_dpt
865,34037,201703,700TTC,631.26661,2018-12-08 06:32:49.426331,init_t_order_week_but_dpt
4749,34037,201703,700TTC,1031.49000,2018-12-08 06:32:49.426331,init_t_order_week_but_dpt
0,34037,201703,13500_AL,2.00000,2018-12-08 06:32:49.426331,init_t_order_week_but_dpt
779,34037,201703,13500_AL,11.00000,2018-12-08 06:32:49.426331,init_t_order_week_but_dpt
865,34037,201703,13500_AL,60.00000,2018-12-08 06:32:49.426331,init_t_order_week_but_dpt
4749,34037,201703,13500_AL,59.00000,2018-12-08 06:32:49.426331,init_t_order_week_but_dpt
0,34037,201703,S13298_AL,7.00000,2018-12-08 06:32:49.426331,init_t_order_week_but_dpt
779,34037,201703,S13298_AL,9.00000,2018-12-08 06:32:49.426331,init_t_order_week_but_dpt
865,34037,201703,S13298_AL,18.00000,2018-12-08 06:32:49.426331,init_t_order_week_but_dpt
4749,34037,201703,S13298_AL,36.00000,2018-12-08 06:32:49.426331,init_t_order_week_but_dpt
0,34037,201703,NETMGI_AL,0.00000,2018-12-08 06:32:49.426331,init_t_order_week_but_dpt
779,34037,201703,NETMGI_AL,12.32166,2018-12-08 06:32:49.426331,init_t_order_week_but_dpt
865,34037,201703,NETMGI_AL,-83.74449,2018-12-08 06:32:49.426331,init_t_order_week_but_dpt
4749,34037,201703,NETMGI_AL,264.99333,2018-12-08 06:32:49.426331,init_t_order_week_but_dpt
779,34037,201703,S10190R,1.00000,2018-12-08 06:32:49.426331,init_linear_meter
858,34037,201703,S10190R,0.00000,2018-12-08 06:32:49.426331,init_linear_meter
865,34037,201703,S10190R,11.60000,2018-12-08 06:32:49.426331,init_linear_meter
4702,34037,201703,S10190R,0.00000,2018-12-08 06:32:49.426331,init_linear_meter
4749,34037,201703,S10190R,19.90000,2018-12-08 06:32:49.426331,init_linear_meter
594,34037,201703,RTCMGI_AL,0.20819,2018-12-08 06:32:49.426331,init_taux_de_marge
594,34037,201703,S24300,26.94207,2018-12-08 06:32:49.426331,init_provision_demarque
594,34037,201703,T6100E,441.83038,2018-12-08 06:32:49.426331,calcul_frais_surface
594,34037,201703,T6520E,59.33928,2018-12-08 06:32:49.426331,calcul_contribution
594,34037,201703,W200,158.36717,2018-12-08 06:32:49.426331,calcul_reduction_sur_marge
867,34037,201703,RTCMGI_AL,0.08228,2018-12-08 06:32:49.426331,init_taux_de_marge
867,34037,201703,S24300,8.24630,2018-12-08 06:32:49.426331,init_provision_demarque
867,34037,201703,T6100E,135.18690,2018-12-08 06:32:49.426331,calcul_frais_surface
867,34037,201703,T6520E,18.16228,2018-12-08 06:32:49.426331,calcul_contribution
867,34037,201703,W200,14.83616,2018-12-08 06:32:49.426331,calcul_reduction_sur_marge
918,34037,201703,RTCMGI_AL,0.32830,2018-12-08 06:32:49.426331,init_taux_de_marge
918,34037,201703,S24300,12.26007,2018-12-08 06:32:49.426331,init_provision_demarque
918,34037,201703,T6100E,200.99985,2018-12-08 06:32:49.426331,calcul_frais_surface
918,34037,201703,T6520E,27.00252,2018-12-08 06:32:49.426331,calcul_contribution
918,34037,201703,W200,32.79360,2018-12-08 06:32:49.426331,calcul_reduction_sur_marge
4714,34037,201703,RTCMGI_AL,0.04785,2018-12-08 06:32:49.426331,init_taux_de_marge
4714,34037,201703,S24300,0.10203,2018-12-08 06:32:49.426331,init_provision_demarque
4714,34037,201703,T6100E,1.58267,2018-12-08 06:32:49.426331,calcul_frais_surface
4714,34037,201703,T6520E,0.22471,2018-12-08 06:32:49.426331,calcul_contribution
4714,34037,201703,W200,0.00227,2018-12-08 06:32:49.426331,calcul_reduction_sur_marge
594,34037,201703,NETMGE,798.78240,2018-12-08 06:32:49.426331,calcul_marge_nette
867,34037,201703,NETMGE,95.95752,2018-12-08 06:32:49.426331,calcul_marge_nette
918,34037,201703,NETMGE,661.10047,2018-12-08 06:32:49.426331,calcul_marge_nette
4714,34037,201703,NETMGE,0.75236,2018-12-08 06:32:49.426331,calcul_marge_nette
594,34037,201703,700TTC,4726.68000,2018-12-08 06:32:49.426331,init_t_order_week_but_dpt
867,34037,201703,700TTC,1446.72000,2018-12-08 06:32:49.426331,init_t_order_week_but_dpt
918,34037,201703,700TTC,2150.89000,2018-12-08 06:32:49.426331,init_t_order_week_but_dpt
4714,34037,201703,700TTC,17.90000,2018-12-08 06:32:49.426331,init_t_order_week_but_dpt
594,34037,201703,13500_AL,444.00000,2018-12-08 06:32:49.426331,init_t_order_week_but_dpt
867,34037,201703,13500_AL,133.00000,2018-12-08 06:32:49.426331,init_t_order_week_but_dpt
918,34037,201703,13500_AL,462.00000,2018-12-08 06:32:49.426331,init_t_order_week_but_dpt
4714,34037,201703,13500_AL,10.00000,2018-12-08 06:32:49.426331,init_t_order_week_but_dpt
594,34037,201703,S13298_AL,277.00000,2018-12-08 06:32:49.426331,init_t_order_week_but_dpt
867,34037,201703,S13298_AL,125.00000,2018-12-08 06:32:49.426331,init_t_order_week_but_dpt
918,34037,201703,S13298_AL,273.00000,2018-12-08 06:32:49.426331,init_t_order_week_but_dpt
4714,34037,201703,S13298_AL,8.00000,2018-12-08 06:32:49.426331,init_t_order_week_but_dpt
594,34037,201703,NETMGI_AL,984.09165,2018-12-08 06:32:49.426331,init_t_order_week_but_dpt
867,34037,201703,NETMGI_AL,119.03999,2018-12-08 06:32:49.426331,init_t_order_week_but_dpt
918,34037,201703,NETMGI_AL,706.15415,2018-12-08 06:32:49.426331,init_t_order_week_but_dpt
4714,34037,201703,NETMGI_AL,0.85666,2018-12-08 06:32:49.426331,init_t_order_week_but_dpt
324,34037,201703,S10190R,0.00000,2018-12-08 06:32:49.426331,init_linear_meter
594,34037,201703,S10190R,34.05000,2018-12-08 06:32:49.426331,init_linear_meter
918,34037,201703,S10190R,5.80000,2018-12-08 06:32:49.426331,init_linear_meter
923,34037,201703,S10190R,0.00000,2018-12-08 06:32:49.426331,init_linear_meter
4714,34037,201703,S10190R,0.50000,2018-12-08 06:32:49.426331,init_linear_meter
4729,34037,201703,S10190R,0.00000,2018-12-08 06:32:49.426331,init_linear_meter
393,34037,201703,RTCMGI_AL,0.20727,2018-12-08 06:32:49.426331,init_taux_de_marge
393,34037,201703,S24300,9.63077,2018-12-08 06:32:49.426331,init_provision_demarque
393,34037,201703,T6100E,157.87193,2018-12-08 06:32:49.426331,calcul_frais_surface
393,34037,201703,T6520E,21.21155,2018-12-08 06:32:49.426331,calcul_contribution
393,34037,201703,W200,20.23604,2018-12-08 06:32:49.426331,calcul_reduction_sur_marge
4678,34037,201703,RTCMGI_AL,0.26419,2018-12-08 06:32:49.426331,init_taux_de_marge
4678,34037,201703,S24300,1.16160,2018-12-08 06:32:49.426331,init_provision_demarque
4678,34037,201703,T6100E,18.99211,2018-12-08 06:32:49.426331,calcul_frais_surface
4678,34037,201703,T6520E,2.55840,2018-12-08 06:32:49.426331,calcul_contribution
4678,34037,201703,W200,0.29438,2018-12-08 06:32:49.426331,calcul_reduction_sur_marge
4723,34037,201703,RTCMGI_AL,0.30363,2018-12-08 06:32:49.426331,init_taux_de_marge
4723,34037,201703,S24300,3.43504,2018-12-08 06:32:49.426331,init_provision_demarque
4723,34037,201703,T6100E,56.31688,2018-12-08 06:32:49.426331,calcul_frais_surface
4723,34037,201703,T6520E,7.56561,2018-12-08 06:32:49.426331,calcul_contribution
4723,34037,201703,W200,2.57435,2018-12-08 06:32:49.426331,calcul_reduction_sur_marge
4743,34037,201703,RTCMGI_AL,0.37272,2018-12-08 06:32:49.426331,init_taux_de_marge
4743,34037,201703,S24300,1.08231,2018-12-08 06:32:49.426331,init_provision_demarque
4743,34037,201703,T6100E,17.67321,2018-12-08 06:32:49.426331,calcul_frais_surface
4743,34037,201703,T6520E,2.38377,2018-12-08 06:32:49.426331,calcul_contribution
4743,34037,201703,W200,0.25557,2018-12-08 06:32:49.426331,calcul_reduction_sur_marge
393,34037,201703,NETMGE,320.34485,2018-12-08 06:32:49.426331,calcul_marge_nette
4678,34037,201703,NETMGE,52.38401,2018-12-08 06:32:49.426331,calcul_marge_nette
4723,34037,201703,NETMGE,176.97559,2018-12-08 06:32:49.426331,calcul_marge_nette
4743,34037,201703,NETMGE,69.43544,2018-12-08 06:32:49.426331,calcul_marge_nette
393,34037,201703,700TTC,1689.61000,2018-12-08 06:32:49.426331,init_t_order_week_but_dpt
4678,34037,201703,700TTC,203.79000,2018-12-08 06:32:49.426331,init_t_order_week_but_dpt
4723,34037,201703,700TTC,602.64000,2018-12-08 06:32:49.426331,init_t_order_week_but_dpt
4743,34037,201703,700TTC,189.88000,2018-12-08 06:32:49.426331,init_t_order_week_but_dpt
393,34037,201703,13500_AL,141.00000,2018-12-08 06:32:49.426331,init_t_order_week_but_dpt
4678,34037,201703,13500_AL,17.00000,2018-12-08 06:32:49.426331,init_t_order_week_but_dpt
4723,34037,201703,13500_AL,47.00000,2018-12-08 06:32:49.426331,init_t_order_week_but_dpt
4743,34037,201703,13500_AL,13.00000,2018-12-08 06:32:49.426331,init_t_order_week_but_dpt
393,34037,201703,S13298_AL,87.00000,2018-12-08 06:32:49.426331,init_t_order_week_but_dpt
4678,34037,201703,S13298_AL,15.00000,2018-12-08 06:32:49.426331,init_t_order_week_but_dpt
4723,34037,201703,S13298_AL,42.00000,2018-12-08 06:32:49.426331,init_t_order_week_but_dpt
4743,34037,201703,S13298_AL,9.00000,2018-12-08 06:32:49.426331,init_t_order_week_but_dpt
393,34037,201703,NETMGI_AL,350.21167,2018-12-08 06:32:49.426331,init_t_order_week_but_dpt
4678,34037,201703,NETMGI_AL,53.84000,2018-12-08 06:32:49.426331,init_t_order_week_but_dpt
4723,34037,201703,NETMGI_AL,182.98499,2018-12-08 06:32:49.426331,init_t_order_week_but_dpt
4743,34037,201703,NETMGI_AL,70.77333,2018-12-08 06:32:49.426331,init_t_order_week_but_dpt
393,34037,201703,S10190R,29.30000,2018-12-08 06:32:49.426331,init_linear_meter
4678,34037,201703,S10190R,2.00000,2018-12-08 06:32:49.426331,init_linear_meter
4723,34037,201703,S10190R,5.20000,2018-12-08 06:32:49.426331,init_linear_meter
4730,34037,201703,S10190R,7.30000,2018-12-08 06:32:49.426331,init_linear_meter
4742,34037,201703,S10190R,0.00000,2018-12-08 06:32:49.426331,init_linear_meter
4743,34037,201703,S10190R,6.60000,2018-12-08 06:32:49.426331,init_linear_meter
388,34037,201703,RTCMGI_AL,0.00000,2018-12-08 06:32:49.426331,init_taux_de_marge
388,34037,201703,S24300,0.00000,2018-12-08 06:32:49.426331,init_provision_demarque
388,34037,201703,T6100E,0.00000,2018-12-08 06:32:49.426331,calcul_frais_surface
388,34037,201703,T6520E,0.00000,2018-12-08 06:32:49.426331,calcul_contribution
388,34037,201703,W200,0.00000,2018-12-08 06:32:49.426331,calcul_reduction_sur_marge
586,34037,201703,RTCMGI_AL,0.20357,2018-12-08 06:32:49.426331,init_taux_de_marge
586,34037,201703,S24300,0.71763,2018-12-08 06:32:49.426331,init_provision_demarque
586,34037,201703,T6100E,11.73818,2018-12-08 06:32:49.426331,calcul_frais_surface
586,34037,201703,T6520E,1.58056,2018-12-08 06:32:49.426331,calcul_contribution
586,34037,201703,W200,0.11235,2018-12-08 06:32:49.426331,calcul_reduction_sur_marge
683,34037,201703,RTCMGI_AL,0.08247,2018-12-08 06:32:49.426331,init_taux_de_marge
683,34037,201703,S24300,0.71517,2018-12-08 06:32:49.426331,init_provision_demarque
683,34037,201703,T6100E,11.60629,2018-12-08 06:32:49.426331,calcul_frais_surface
683,34037,201703,T6520E,1.57516,2018-12-08 06:32:49.426331,calcul_contribution
683,34037,201703,W200,0.11159,2018-12-08 06:32:49.426331,calcul_reduction_sur_marge
842,34037,201703,RTCMGI_AL,0.16082,2018-12-08 06:32:49.426331,init_taux_de_marge
842,34037,201703,S24300,1.46410,2018-12-08 06:32:49.426331,init_provision_demarque
842,34037,201703,T6100E,24.00391,2018-12-08 06:32:49.426331,calcul_frais_surface
842,34037,201703,T6520E,3.22465,2018-12-08 06:32:49.426331,calcul_contribution
842,34037,201703,W200,0.46767,2018-12-08 06:32:49.426331,calcul_reduction_sur_marge
388,34037,201703,NETMGE,-63.53000,2018-12-08 06:32:49.426331,calcul_marge_nette
586,34037,201703,NETMGE,24.80000,2018-12-08 06:32:49.426331,calcul_marge_nette
683,34037,201703,NETMGE,9.52156,2018-12-08 06:32:49.426331,calcul_marge_nette
842,34037,201703,NETMGE,39.37822,2018-12-08 06:32:49.426331,calcul_marge_nette
388,34037,201703,700TTC,0.00000,2018-12-08 06:32:49.426331,init_t_order_week_but_dpt
586,34037,201703,700TTC,125.90000,2018-12-08 06:32:49.426331,init_t_order_week_but_dpt
683,34037,201703,700TTC,125.47000,2018-12-08 06:32:49.426331,init_t_order_week_but_dpt
842,34037,201703,700TTC,256.86000,2018-12-08 06:32:49.426331,init_t_order_week_but_dpt
388,34037,201703,13500_AL,3.00000,2018-12-08 06:32:49.426331,init_t_order_week_but_dpt
586,34037,201703,13500_AL,10.00000,2018-12-08 06:32:49.426331,init_t_order_week_but_dpt
683,34037,201703,13500_AL,4.00000,2018-12-08 06:32:49.426331,init_t_order_week_but_dpt
842,34037,201703,13500_AL,14.00000,2018-12-08 06:32:49.426331,init_t_order_week_but_dpt
388,34037,201703,S13298_AL,1.00000,2018-12-08 06:32:49.426331,init_t_order_week_but_dpt
586,34037,201703,S13298_AL,12.00000,2018-12-08 06:32:49.426331,init_t_order_week_but_dpt
683,34037,201703,S13298_AL,3.00000,2018-12-08 06:32:49.426331,init_t_order_week_but_dpt
842,34037,201703,S13298_AL,7.00000,2018-12-08 06:32:49.426331,init_t_order_week_but_dpt
388,34037,201703,NETMGI_AL,-63.53000,2018-12-08 06:32:49.426331,init_t_order_week_but_dpt
586,34037,201703,NETMGI_AL,25.62999,2018-12-08 06:32:49.426331,init_t_order_week_but_dpt
683,34037,201703,NETMGI_AL,10.34833,2018-12-08 06:32:49.426331,init_t_order_week_but_dpt
842,34037,201703,NETMGI_AL,41.31000,2018-12-08 06:32:49.426331,init_t_order_week_but_dpt
314,34037,201703,S10190R,0.00000,2018-12-08 06:32:49.426331,init_linear_meter
328,34037,201703,S10190R,0.50000,2018-12-08 06:32:49.426331,init_linear_meter
388,34037,201703,S10190R,0.50000,2018-12-08 06:32:49.426331,init_linear_meter
468,34037,201703,S10190R,0.00000,2018-12-08 06:32:49.426331,init_linear_meter
586,34037,201703,S10190R,2.80000,2018-12-08 06:32:49.426331,init_linear_meter
683,34037,201703,S10190R,1.00000,2018-12-08 06:32:49.426331,init_linear_meter
842,34037,201703,S10190R,2.30000,2018-12-08 06:32:49.426331,init_linear_meter
4680,34037,201703,S10190R,4.00000,2018-12-08 06:32:49.426331,init_linear_meter
4861,34037,201703,S10190R,3.30000,2018-12-08 06:32:49.426331,init_linear_meter
4888,34037,201703,S10190R,0.00000,2018-12-08 06:32:49.426331,init_linear_meter
204,34037,201703,RTCMGI_AL,0.34489,2018-12-08 06:32:49.426331,init_taux_de_marge
204,34037,201703,S24300,3.98122,2018-12-08 06:32:49.426331,init_provision_demarque
204,34037,201703,T6100E,65.28538,2018-12-08 06:32:49.426331,calcul_frais_surface
204,34037,201703,T6520E,8.76854,2018-12-08 06:32:49.426331,calcul_contribution
204,34037,201703,W200,3.45808,2018-12-08 06:32:49.426331,calcul_reduction_sur_marge
304,34037,201703,RTCMGI_AL,0.41718,2018-12-08 06:32:49.426331,init_taux_de_marge
304,34037,201703,S24300,0.65498,2018-12-08 06:32:49.426331,init_provision_demarque
304,34037,201703,T6100E,10.68306,2018-12-08 06:32:49.426331,calcul_frais_surface
304,34037,201703,T6520E,1.44259,2018-12-08 06:32:49.426331,calcul_contribution
304,34037,201703,W200,0.09359,2018-12-08 06:32:49.426331,calcul_reduction_sur_marge
527,34037,201703,RTCMGI_AL,0.25833,2018-12-08 06:32:49.426331,init_taux_de_marge
527,34037,201703,S24300,1.03631,2018-12-08 06:32:49.426331,init_provision_demarque
527,34037,201703,T6100E,16.88187,2018-12-08 06:32:49.426331,calcul_frais_surface
527,34037,201703,T6520E,2.28246,2018-12-08 06:32:49.426331,calcul_contribution
527,34037,201703,W200,0.23430,2018-12-08 06:32:49.426331,calcul_reduction_sur_marge
751,34037,201703,RTCMGI_AL,0.16977,2018-12-08 06:32:49.426331,init_taux_de_marge
751,34037,201703,S24300,47.03697,2018-12-08 06:32:49.426331,init_provision_demarque
751,34037,201703,T6100E,771.42266,2018-12-08 06:32:49.426331,calcul_frais_surface
751,34037,201703,T6520E,103.59781,2018-12-08 06:32:49.426331,calcul_contribution
751,34037,201703,W200,482.70492,2018-12-08 06:32:49.426331,calcul_reduction_sur_marge
4721,34037,201703,RTCMGI_AL,0.39593,2018-12-08 06:32:49.426331,init_taux_de_marge
4721,34037,201703,S24300,0.10242,2018-12-08 06:32:49.426331,init_provision_demarque
4721,34037,201703,T6100E,1.58267,2018-12-08 06:32:49.426331,calcul_frais_surface
4721,34037,201703,T6520E,0.22559,2018-12-08 06:32:49.426331,calcul_contribution
4721,34037,201703,W200,0.00228,2018-12-08 06:32:49.426331,calcul_reduction_sur_marge
204,34037,201703,NETMGE,233.45902,2018-12-08 06:32:49.426331,calcul_marge_nette
304,34037,201703,NETMGE,47.18974,2018-12-08 06:32:49.426331,calcul_marge_nette
527,34037,201703,NETMGE,45.69770,2018-12-08 06:32:49.426331,calcul_marge_nette
751,34037,201703,NETMGE,871.25976,2018-12-08 06:32:49.426331,calcul_marge_nette
4721,34037,201703,NETMGE,7.01028,2018-12-08 06:32:49.426331,calcul_marge_nette
204,34037,201703,700TTC,698.46000,2018-12-08 06:32:49.426331,init_t_order_week_but_dpt
304,34037,201703,700TTC,114.91000,2018-12-08 06:32:49.426331,init_t_order_week_but_dpt
527,34037,201703,700TTC,181.81000,2018-12-08 06:32:49.426331,init_t_order_week_but_dpt
751,34037,201703,700TTC,8252.10000,2018-12-08 06:32:49.426331,init_t_order_week_but_dpt
4721,34037,201703,700TTC,17.97000,2018-12-08 06:32:49.426331,init_t_order_week_but_dpt
204,34037,201703,13500_AL,52.00000,2018-12-08 06:32:49.426331,init_t_order_week_but_dpt
304,34037,201703,13500_AL,14.00000,2018-12-08 06:32:49.426331,init_t_order_week_but_dpt
527,34037,201703,13500_AL,20.00000,2018-12-08 06:32:49.426331,init_t_order_week_but_dpt
751,34037,201703,13500_AL,519.00000,2018-12-08 06:32:49.426331,init_t_order_week_but_dpt
4721,34037,201703,13500_AL,3.00000,2018-12-08 06:32:49.426331,init_t_order_week_but_dpt
204,34037,201703,S13298_AL,40.00000,2018-12-08 06:32:49.426331,init_t_order_week_but_dpt
304,34037,201703,S13298_AL,12.00000,2018-12-08 06:32:49.426331,init_t_order_week_but_dpt
527,34037,201703,S13298_AL,17.00000,2018-12-08 06:32:49.426331,init_t_order_week_but_dpt
751,34037,201703,S13298_AL,360.00000,2018-12-08 06:32:49.426331,init_t_order_week_but_dpt
4721,34037,201703,S13298_AL,1.00000,2018-12-08 06:32:49.426331,init_t_order_week_but_dpt
204,34037,201703,NETMGI_AL,240.89833,2018-12-08 06:32:49.426331,init_t_order_week_but_dpt
304,34037,201703,NETMGI_AL,47.93833,2018-12-08 06:32:49.426331,init_t_order_week_but_dpt
527,34037,201703,NETMGI_AL,46.96833,2018-12-08 06:32:49.426331,init_t_order_week_but_dpt
751,34037,201703,NETMGI_AL,1401.00166,2018-12-08 06:32:49.426331,init_t_order_week_but_dpt
4721,34037,201703,NETMGI_AL,7.11500,2018-12-08 06:32:49.426331,init_t_order_week_but_dpt
204,34037,201703,S10190R,15.70000,2018-12-08 06:32:49.426331,init_linear_meter
304,34037,201703,S10190R,3.70000,2018-12-08 06:32:49.426331,init_linear_meter
527,34037,201703,S10190R,2.20000,2018-12-08 06:32:49.426331,init_linear_meter
751,34037,201703,S10190R,71.20500,2018-12-08 06:32:49.426331,init_linear_meter
4721,34037,201703,S10190R,0.00000,2018-12-08 06:32:49.426331,init_linear_meter
475,34037,201703,RTCMGI_AL,0.21019,2018-12-08 06:32:49.426331,init_taux_de_marge
475,34037,201703,S24300,1.20743,2018-12-08 06:32:49.426331,init_provision_demarque
475,34037,201703,T6100E,19.78345,2018-12-08 06:32:49.426331,calcul_frais_surface
475,34037,201703,T6520E,2.65933,2018-12-08 06:32:49.426331,calcul_contribution
475,34037,201703,W200,0.31807,2018-12-08 06:32:49.426331,calcul_reduction_sur_marge
885,34037,201703,RTCMGI_AL,-0.09928,2018-12-08 06:32:49.426331,init_taux_de_marge
885,34037,201703,S24300,0.16017,2018-12-08 06:32:49.426331,init_provision_demarque
885,34037,201703,T6100E,2.50590,2018-12-08 06:32:49.426331,calcul_frais_surface
885,34037,201703,T6520E,0.35277,2018-12-08 06:32:49.426331,calcul_contribution
885,34037,201703,W200,0.00559,2018-12-08 06:32:49.426331,calcul_reduction_sur_marge
954,34037,201703,RTCMGI_AL,0.12669,2018-12-08 06:32:49.426331,init_taux_de_marge
954,34037,201703,S24300,1.38435,2018-12-08 06:32:49.426331,init_provision_demarque
954,34037,201703,T6100E,22.68502,2018-12-08 06:32:49.426331,calcul_frais_surface
954,34037,201703,T6520E,3.04901,2018-12-08 06:32:49.426331,calcul_contribution
954,34037,201703,W200,0.41811,2018-12-08 06:32:49.426331,calcul_reduction_sur_marge
4698,34037,201703,RTCMGI_AL,-0.26138,2018-12-08 06:32:49.426331,init_taux_de_marge
4698,34037,201703,S24300,0.33037,2018-12-08 06:32:49.426331,init_provision_demarque
4698,34037,201703,T6100E,5.40747,2018-12-08 06:32:49.426331,calcul_frais_surface
4698,34037,201703,T6520E,0.72763,2018-12-08 06:32:49.426331,calcul_contribution
4698,34037,201703,W200,0.02381,2018-12-08 06:32:49.426331,calcul_reduction_sur_marge
4716,34037,201703,RTCMGI_AL,0.40282,2018-12-08 06:32:49.426331,init_taux_de_marge
4716,34037,201703,S24300,1.77748,2018-12-08 06:32:49.426331,init_provision_demarque
4716,34037,201703,T6100E,29.14761,2018-12-08 06:32:49.426331,calcul_frais_surface
4716,34037,201703,T6520E,3.91487,2018-12-08 06:32:49.426331,calcul_contribution
4716,34037,201703,W200,0.68931,2018-12-08 06:32:49.426331,calcul_reduction_sur_marge
475,34037,201703,NETMGE,42.99949,2018-12-08 06:32:49.426331,calcul_marge_nette
885,34037,201703,NETMGE,-2.95577,2018-12-08 06:32:49.426331,calcul_marge_nette
954,34037,201703,NETMGE,28.96752,2018-12-08 06:32:49.426331,calcul_marge_nette
4698,34037,201703,NETMGE,-15.50418,2018-12-08 06:32:49.426331,calcul_marge_nette
4716,34037,201703,NETMGE,123.14986,2018-12-08 06:32:49.426331,calcul_marge_nette
475,34037,201703,700TTC,211.83000,2018-12-08 06:32:49.426331,init_t_order_week_but_dpt
885,34037,201703,700TTC,28.10000,2018-12-08 06:32:49.426331,init_t_order_week_but_dpt
954,34037,201703,700TTC,242.87000,2018-12-08 06:32:49.426331,init_t_order_week_but_dpt
4698,34037,201703,700TTC,57.96000,2018-12-08 06:32:49.426331,init_t_order_week_but_dpt
4716,34037,201703,700TTC,311.84000,2018-12-08 06:32:49.426331,init_t_order_week_but_dpt
475,34037,201703,13500_AL,13.00000,2018-12-08 06:32:49.426331,init_t_order_week_but_dpt
885,34037,201703,13500_AL,0.00000,2018-12-08 06:32:49.426331,init_t_order_week_but_dpt
954,34037,201703,13500_AL,13.00000,2018-12-08 06:32:49.426331,init_t_order_week_but_dpt
4698,34037,201703,13500_AL,4.00000,2018-12-08 06:32:49.426331,init_t_order_week_but_dpt
4716,34037,201703,13500_AL,36.00000,2018-12-08 06:32:49.426331,init_t_order_week_but_dpt
475,34037,201703,S13298_AL,10.00000,2018-12-08 06:32:49.426331,init_t_order_week_but_dpt
885,34037,201703,S13298_AL,71.00000,2018-12-08 06:32:49.426331,init_t_order_week_but_dpt
954,34037,201703,S13298_AL,10.00000,2018-12-08 06:32:49.426331,init_t_order_week_but_dpt
4698,34037,201703,S13298_AL,7.00000,2018-12-08 06:32:49.426331,init_t_order_week_but_dpt
4716,34037,201703,S13298_AL,24.00000,2018-12-08 06:32:49.426331,init_t_order_week_but_dpt
475,34037,201703,NETMGI_AL,44.52500,2018-12-08 06:32:49.426331,init_t_order_week_but_dpt
885,34037,201703,NETMGI_AL,-2.79000,2018-12-08 06:32:49.426331,init_t_order_week_but_dpt
954,34037,201703,NETMGI_AL,30.77000,2018-12-08 06:32:49.426331,init_t_order_week_but_dpt
4698,34037,201703,NETMGI_AL,-15.15000,2018-12-08 06:32:49.426331,init_t_order_week_but_dpt
4716,34037,201703,NETMGI_AL,125.61666,2018-12-08 06:32:49.426331,init_t_order_week_but_dpt
475,34037,201703,S10190R,1.10000,2018-12-08 06:32:49.426331,init_linear_meter
608,34037,201703,S10190R,0.00000,2018-12-08 06:32:49.426331,init_linear_meter
954,34037,201703,S10190R,0.00000,2018-12-08 06:32:49.426331,init_linear_meter
4698,34037,201703,S10190R,0.60000,2018-12-08 06:32:49.426331,init_linear_meter
4716,34037,201703,S10190R,2.50000,2018-12-08 06:32:49.426331,init_linear_meter
4732,34037,201703,S10190R,1.30000,2018-12-08 06:32:49.426331,init_linear_meter
4895,34037,201703,S10190R,0.00000,2018-12-08 06:32:49.426331,init_linear_meter
401,34037,201703,RTCMGI_AL,-0.29470,2018-12-08 06:32:49.426331,init_taux_de_marge
401,34037,201703,S24300,0.27542,2018-12-08 06:32:49.426331,init_provision_demarque
401,34037,201703,T6100E,4.48424,2018-12-08 06:32:49.426331,calcul_frais_surface
401,34037,201703,T6520E,0.60661,2018-12-08 06:32:49.426331,calcul_contribution
401,34037,201703,W200,0.01655,2018-12-08 06:32:49.426331,calcul_reduction_sur_marge
432,34037,201703,RTCMGI_AL,0.54863,2018-12-08 06:32:49.426331,init_taux_de_marge
432,34037,201703,S24300,0.42761,2018-12-08 06:32:49.426331,init_provision_demarque
432,34037,201703,T6100E,6.99015,2018-12-08 06:32:49.426331,calcul_frais_surface
432,34037,201703,T6520E,0.94180,2018-12-08 06:32:49.426331,calcul_contribution
432,34037,201703,W200,0.03989,2018-12-08 06:32:49.426331,calcul_reduction_sur_marge
716,34037,201703,RTCMGI_AL,0.65539,2018-12-08 06:32:49.426331,init_taux_de_marge
716,34037,201703,S24300,0.56361,2018-12-08 06:32:49.426331,init_provision_demarque
716,34037,201703,T6100E,9.23227,2018-12-08 06:32:49.426331,calcul_frais_surface
716,34037,201703,T6520E,1.24135,2018-12-08 06:32:49.426331,calcul_contribution
716,34037,201703,W200,0.06930,2018-12-08 06:32:49.426331,calcul_reduction_sur_marge
728,34037,201703,RTCMGI_AL,0.19122,2018-12-08 06:32:49.426331,init_taux_de_marge
728,34037,201703,S24300,4.18226,2018-12-08 06:32:49.426331,init_provision_demarque
728,34037,201703,T6100E,68.58262,2018-12-08 06:32:49.426331,calcul_frais_surface
728,34037,201703,T6520E,9.21133,2018-12-08 06:32:49.426331,calcul_contribution
728,34037,201703,W200,3.81614,2018-12-08 06:32:49.426331,calcul_reduction_sur_marge
1255,34037,201703,RTCMGI_AL,0.25751,2018-12-08 06:32:49.426331,init_taux_de_marge
1255,34037,201703,S24300,0.74915,2018-12-08 06:32:49.426331,init_provision_demarque
1255,34037,201703,T6100E,12.26573,2018-12-08 06:32:49.426331,calcul_frais_surface
1255,34037,201703,T6520E,1.64998,2018-12-08 06:32:49.426331,calcul_contribution
1255,34037,201703,W200,0.12244,2018-12-08 06:32:49.426331,calcul_reduction_sur_marge
401,34037,201703,NETMGE,-14.53197,2018-12-08 06:32:49.426331,calcul_marge_nette
432,34037,201703,NETMGE,40.69082,2018-12-08 06:32:49.426331,calcul_marge_nette
716,34037,201703,NETMGE,64.17207,2018-12-08 06:32:49.426331,calcul_marge_nette
728,34037,201703,NETMGE,132.30825,2018-12-08 06:32:49.426331,calcul_marge_nette
1255,34037,201703,NETMGE,32.97340,2018-12-08 06:32:49.426331,calcul_marge_nette
401,34037,201703,700TTC,48.32000,2018-12-08 06:32:49.426331,init_t_order_week_but_dpt
432,34037,201703,700TTC,75.02000,2018-12-08 06:32:49.426331,init_t_order_week_but_dpt
716,34037,201703,700TTC,98.88000,2018-12-08 06:32:49.426331,init_t_order_week_but_dpt
728,34037,201703,700TTC,733.73000,2018-12-08 06:32:49.426331,init_t_order_week_but_dpt
1255,34037,201703,700TTC,131.43000,2018-12-08 06:32:49.426331,init_t_order_week_but_dpt
401,34037,201703,13500_AL,50.00000,2018-12-08 06:32:49.426331,init_t_order_week_but_dpt
432,34037,201703,13500_AL,8.00000,2018-12-08 06:32:49.426331,init_t_order_week_but_dpt
716,34037,201703,13500_AL,12.00000,2018-12-08 06:32:49.426331,init_t_order_week_but_dpt
728,34037,201703,13500_AL,80.00000,2018-12-08 06:32:49.426331,init_t_order_week_but_dpt
1255,34037,201703,13500_AL,9.00000,2018-12-08 06:32:49.426331,init_t_order_week_but_dpt
401,34037,201703,S13298_AL,25.00000,2018-12-08 06:32:49.426331,init_t_order_week_but_dpt
432,34037,201703,S13298_AL,11.00000,2018-12-08 06:32:49.426331,init_t_order_week_but_dpt
716,34037,201703,S13298_AL,9.00000,2018-12-08 06:32:49.426331,init_t_order_week_but_dpt
728,34037,201703,S13298_AL,48.00000,2018-12-08 06:32:49.426331,init_t_order_week_but_dpt
1255,34037,201703,S13298_AL,8.00000,2018-12-08 06:32:49.426331,init_t_order_week_but_dpt
401,34037,201703,NETMGI_AL,-14.24000,2018-12-08 06:32:49.426331,init_t_order_week_but_dpt
432,34037,201703,NETMGI_AL,41.15833,2018-12-08 06:32:49.426331,init_t_order_week_but_dpt
716,34037,201703,NETMGI_AL,64.80500,2018-12-08 06:32:49.426331,init_t_order_week_but_dpt
728,34037,201703,NETMGI_AL,140.30666,2018-12-08 06:32:49.426331,init_t_order_week_but_dpt
1255,34037,201703,NETMGI_AL,33.84500,2018-12-08 06:32:49.426331,init_t_order_week_but_dpt
401,34037,201703,S10190R,2.70000,2018-12-08 06:32:49.426331,init_linear_meter
432,34037,201703,S10190R,2.30000,2018-12-08 06:32:49.426331,init_linear_meter
682,34037,201703,S10190R,0.00000,2018-12-08 06:32:49.426331,init_linear_meter
716,34037,201703,S10190R,4.20000,2018-12-08 06:32:49.426331,init_linear_meter
728,34037,201703,S10190R,13.90000,2018-12-08 06:32:49.426331,init_linear_meter
1255,34037,201703,S10190R,8.40000,2018-12-08 06:32:49.426331,init_linear_meter
4703,34037,201703,S10190R,9.10000,2018-12-08 06:32:49.426331,init_linear_meter
413,34037,201703,RTCMGI_AL,0.24787,2018-12-08 06:32:49.426331,init_taux_de_marge
413,34037,201703,S24300,2.63089,2018-12-08 06:32:49.426331,init_provision_demarque
413,34037,201703,T6100E,43.12792,2018-12-08 06:32:49.426331,calcul_frais_surface
413,34037,201703,T6520E,5.79447,2018-12-08 06:32:49.426331,calcul_contribution
413,34037,201703,W200,1.51011,2018-12-08 06:32:49.426331,calcul_reduction_sur_marge
464,34037,201703,RTCMGI_AL,0.28684,2018-12-08 06:32:49.426331,init_taux_de_marge
464,34037,201703,S24300,1.27406,2018-12-08 06:32:49.426331,init_provision_demarque
464,34037,201703,T6100E,20.83856,2018-12-08 06:32:49.426331,calcul_frais_surface
464,34037,201703,T6520E,2.80609,2018-12-08 06:32:49.426331,calcul_contribution
464,34037,201703,W200,0.35414,2018-12-08 06:32:49.426331,calcul_reduction_sur_marge
515,34037,201703,RTCMGI_AL,0.22070,2018-12-08 06:32:49.426331,init_taux_de_marge
515,34037,201703,S24300,157.72584,2018-12-08 06:32:49.426331,init_provision_demarque
515,34037,201703,T6100E,2586.88393,2018-12-08 06:32:49.426331,calcul_frais_surface
515,34037,201703,T6520E,347.38743,2018-12-08 06:32:49.426331,calcul_contribution
515,34037,201703,W200,5427.61149,2018-12-08 06:32:49.426331,calcul_reduction_sur_marge
587,34037,201703,RTCMGI_AL,0.18293,2018-12-08 06:32:49.426331,init_taux_de_marge
587,34037,201703,S24300,12.84529,2018-12-08 06:32:49.426331,init_provision_demarque
587,34037,201703,T6100E,210.62779,2018-12-08 06:32:49.426331,calcul_frais_surface
587,34037,201703,T6520E,28.29145,2018-12-08 06:32:49.426331,calcul_contribution
587,34037,201703,W200,35.99904,2018-12-08 06:32:49.426331,calcul_reduction_sur_marge
613,34037,201703,RTCMGI_AL,-0.05036,2018-12-08 06:32:49.426331,init_taux_de_marge
613,34037,201703,S24300,5.01850,2018-12-08 06:32:49.426331,init_provision_demarque
613,34037,201703,T6100E,82.29915,2018-12-08 06:32:49.426331,calcul_frais_surface
613,34037,201703,T6520E,11.05314,2018-12-08 06:32:49.426331,calcul_contribution
613,34037,201703,W200,5.49480,2018-12-08 06:32:49.426331,calcul_reduction_sur_marge
413,34037,201703,NETMGE,110.26899,2018-12-08 06:32:49.426331,calcul_marge_nette
464,34037,201703,NETMGE,62.48845,2018-12-08 06:32:49.426331,calcul_marge_nette
515,34037,201703,NETMGE,521.93779,2018-12-08 06:32:49.426331,calcul_marge_nette
587,34037,201703,NETMGE,363.41399,2018-12-08 06:32:49.426331,calcul_marge_nette
613,34037,201703,NETMGE,-54.85663,2018-12-08 06:32:49.426331,calcul_marge_nette
413,34037,201703,700TTC,461.56000,2018-12-08 06:32:49.426331,init_t_order_week_but_dpt
464,34037,201703,700TTC,223.52000,2018-12-08 06:32:49.426331,init_t_order_week_but_dpt
515,34037,201703,700TTC,27671.20000,2018-12-08 06:32:49.426331,init_t_order_week_but_dpt
587,34037,201703,700TTC,2253.56000,2018-12-08 06:32:49.426331,init_t_order_week_but_dpt
613,34037,201703,700TTC,880.44000,2018-12-08 06:32:49.426331,init_t_order_week_but_dpt
413,34037,201703,13500_AL,26.00000,2018-12-08 06:32:49.426331,init_t_order_week_but_dpt
464,34037,201703,13500_AL,30.00000,2018-12-08 06:32:49.426331,init_t_order_week_but_dpt
515,34037,201703,13500_AL,2604.00000,2018-12-08 06:32:49.426331,init_t_order_week_but_dpt
587,34037,201703,13500_AL,44.00000,2018-12-08 06:32:49.426331,init_t_order_week_but_dpt
613,34037,201703,13500_AL,87.00000,2018-12-08 06:32:49.426331,init_t_order_week_but_dpt
413,34037,201703,S13298_AL,20.00000,2018-12-08 06:32:49.426331,init_t_order_week_but_dpt
464,34037,201703,S13298_AL,8.00000,2018-12-08 06:32:49.426331,init_t_order_week_but_dpt
515,34037,201703,S13298_AL,1085.00000,2018-12-08 06:32:49.426331,init_t_order_week_but_dpt
587,34037,201703,S13298_AL,33.00000,2018-12-08 06:32:49.426331,init_t_order_week_but_dpt
613,34037,201703,S13298_AL,79.00000,2018-12-08 06:32:49.426331,init_t_order_week_but_dpt
413,34037,201703,NETMGI_AL,114.41000,2018-12-08 06:32:49.426331,init_t_order_week_but_dpt
464,34037,201703,NETMGI_AL,64.11666,2018-12-08 06:32:49.426331,init_t_order_week_but_dpt
515,34037,201703,NETMGI_AL,6107.27512,2018-12-08 06:32:49.426331,init_t_order_week_but_dpt
587,34037,201703,NETMGI_AL,412.25833,2018-12-08 06:32:49.426331,init_t_order_week_but_dpt
613,34037,201703,NETMGI_AL,-44.34332,2018-12-08 06:32:49.426331,init_t_order_week_but_dpt
340,34037,201703,S10190R,0.00000,2018-12-08 06:32:49.426331,init_linear_meter
413,34037,201703,S10190R,7.50000,2018-12-08 06:32:49.426331,init_linear_meter
464,34037,201703,S10190R,2.50000,2018-12-08 06:32:49.426331,init_linear_meter
515,34037,201703,S10190R,52.70000,2018-12-08 06:32:49.426331,init_linear_meter
587,34037,201703,S10190R,63.00000,2018-12-08 06:32:49.426331,init_linear_meter
596,34037,201703,S10190R,0.00000,2018-12-08 06:32:49.426331,init_linear_meter
613,34037,201703,S10190R,4.70000,2018-12-08 06:32:49.426331,init_linear_meter
634,34037,201703,RTCMGI_AL,0.08763,2018-12-08 06:32:49.426331,init_taux_de_marge
634,34037,201703,S24300,3.56837,2018-12-08 06:32:49.426331,init_provision_demarque
634,34037,201703,T6100E,58.42712,2018-12-08 06:32:49.426331,calcul_frais_surface
634,34037,201703,T6520E,7.85925,2018-12-08 06:32:49.426331,calcul_contribution
634,34037,201703,W200,2.77806,2018-12-08 06:32:49.426331,calcul_reduction_sur_marge
636,34037,201703,RTCMGI_AL,0.24673,2018-12-08 06:32:49.426331,init_taux_de_marge
636,34037,201703,S24300,2.82281,2018-12-08 06:32:49.426331,init_provision_demarque
636,34037,201703,T6100E,46.29327,2018-12-08 06:32:49.426331,calcul_frais_surface
636,34037,201703,T6520E,6.21717,2018-12-08 06:32:49.426331,calcul_contribution
636,34037,201703,W200,1.73846,2018-12-08 06:32:49.426331,calcul_reduction_sur_marge
740,34037,201703,RTCMGI_AL,0.25635,2018-12-08 06:32:49.426331,init_taux_de_marge
740,34037,201703,S24300,6.82706,2018-12-08 06:32:49.426331,init_provision_demarque
740,34037,201703,T6100E,111.97432,2018-12-08 06:32:49.426331,calcul_frais_surface
740,34037,201703,T6520E,15.03644,2018-12-08 06:32:49.426331,calcul_contribution
740,34037,201703,W200,10.16882,2018-12-08 06:32:49.426331,calcul_reduction_sur_marge
849,34037,201703,RTCMGI_AL,0.29311,2018-12-08 06:32:49.426331,init_taux_de_marge
849,34037,201703,S24300,0.92271,2018-12-08 06:32:49.426331,init_provision_demarque
849,34037,201703,T6100E,15.03542,2018-12-08 06:32:49.426331,calcul_frais_surface
849,34037,201703,T6520E,2.03226,2018-12-08 06:32:49.426331,calcul_contribution
849,34037,201703,W200,0.18575,2018-12-08 06:32:49.426331,calcul_reduction_sur_marge
913,34037,201703,RTCMGI_AL,-17.13160,2018-12-08 06:32:49.426331,init_taux_de_marge
913,34037,201703,S24300,0.03414,2018-12-08 06:32:49.426331,init_provision_demarque
913,34037,201703,T6100E,0.52755,2018-12-08 06:32:49.426331,calcul_frais_surface
913,34037,201703,T6520E,0.07519,2018-12-08 06:32:49.426331,calcul_contribution
913,34037,201703,W200,0.00025,2018-12-08 06:32:49.426331,calcul_reduction_sur_marge
4706,34037,201703,RTCMGI_AL,0.17767,2018-12-08 06:32:49.426331,init_taux_de_marge
4706,34037,201703,S24300,25.80048,2018-12-08 06:32:49.426331,init_provision_demarque
4706,34037,201703,T6100E,423.10205,2018-12-08 06:32:49.426331,calcul_frais_surface
4706,34037,201703,T6520E,56.82494,2018-12-08 06:32:49.426331,calcul_contribution
4706,34037,201703,W200,145.23076,2018-12-08 06:32:49.426331,calcul_reduction_sur_marge
634,34037,201703,NETMGE,48.51356,2018-12-08 06:32:49.426331,calcul_marge_nette
636,34037,201703,NETMGE,117.63038,2018-12-08 06:32:49.426331,calcul_marge_nette
740,34037,201703,NETMGE,290.04577,2018-12-08 06:32:49.426331,calcul_marge_nette
849,34037,201703,NETMGE,46.34152,2018-12-08 06:32:49.426331,calcul_marge_nette
913,34037,201703,NETMGE,-102.65273,2018-12-08 06:32:49.426331,calcul_marge_nette
4706,34037,201703,NETMGE,633.19877,2018-12-08 06:32:49.426331,calcul_marge_nette
634,34037,201703,700TTC,626.03000,2018-12-08 06:32:49.426331,init_t_order_week_but_dpt
636,34037,201703,700TTC,495.23000,2018-12-08 06:32:49.426331,init_t_order_week_but_dpt
740,34037,201703,700TTC,1197.73000,2018-12-08 06:32:49.426331,init_t_order_week_but_dpt
849,34037,201703,700TTC,161.88000,2018-12-08 06:32:49.426331,init_t_order_week_but_dpt
913,34037,201703,700TTC,5.99000,2018-12-08 06:32:49.426331,init_t_order_week_but_dpt
4706,34037,201703,700TTC,4526.40000,2018-12-08 06:32:49.426331,init_t_order_week_but_dpt
634,34037,201703,13500_AL,18.00000,2018-12-08 06:32:49.426331,init_t_order_week_but_dpt
636,34037,201703,13500_AL,63.00000,2018-12-08 06:32:49.426331,init_t_order_week_but_dpt
740,34037,201703,13500_AL,111.00000,2018-12-08 06:32:49.426331,init_t_order_week_but_dpt
849,34037,201703,13500_AL,12.00000,2018-12-08 06:32:49.426331,init_t_order_week_but_dpt
913,34037,201703,13500_AL,24.00000,2018-12-08 06:32:49.426331,init_t_order_week_but_dpt
4706,34037,201703,13500_AL,609.00000,2018-12-08 06:32:49.426331,init_t_order_week_but_dpt
634,34037,201703,S13298_AL,20.00000,2018-12-08 06:32:49.426331,init_t_order_week_but_dpt
636,34037,201703,S13298_AL,41.00000,2018-12-08 06:32:49.426331,init_t_order_week_but_dpt
740,34037,201703,S13298_AL,73.00000,2018-12-08 06:32:49.426331,init_t_order_week_but_dpt
849,34037,201703,S13298_AL,9.00000,2018-12-08 06:32:49.426331,init_t_order_week_but_dpt
913,34037,201703,S13298_AL,10.00000,2018-12-08 06:32:49.426331,init_t_order_week_but_dpt
4706,34037,201703,S13298_AL,334.00000,2018-12-08 06:32:49.426331,init_t_order_week_but_dpt
634,34037,201703,NETMGI_AL,54.86000,2018-12-08 06:32:49.426331,init_t_order_week_but_dpt
636,34037,201703,NETMGI_AL,122.19165,2018-12-08 06:32:49.426331,init_t_order_week_but_dpt
740,34037,201703,NETMGI_AL,307.04166,2018-12-08 06:32:49.426331,init_t_order_week_but_dpt
849,34037,201703,NETMGI_AL,47.45000,2018-12-08 06:32:49.426331,init_t_order_week_but_dpt
913,34037,201703,NETMGI_AL,-102.61833,2018-12-08 06:32:49.426331,init_t_order_week_but_dpt
4706,34037,201703,NETMGI_AL,804.23002,2018-12-08 06:32:49.426331,init_t_order_week_but_dpt
634,34037,201703,S10190R,7.40000,2018-12-08 06:32:49.426331,init_linear_meter
636,34037,201703,S10190R,3.90000,2018-12-08 06:32:49.426331,init_linear_meter
740,34037,201703,S10190R,1.00000,2018-12-08 06:32:49.426331,init_linear_meter
849,34037,201703,S10190R,1.30000,2018-12-08 06:32:49.426331,init_linear_meter
913,34037,201703,S10190R,0.00000,2018-12-08 06:32:49.426331,init_linear_meter
1159,34037,201703,S10190R,0.00000,2018-12-08 06:32:49.426331,init_linear_meter
4697,34037,201703,S10190R,0.00000,2018-12-08 06:32:49.426331,init_linear_meter
4706,34037,201703,S10190R,21.60000,2018-12-08 06:32:49.426331,init_linear_meter
4745,34037,201703,S10190R,0.00000,2018-12-08 06:32:49.426331,init_linear_meter
4781,34037,201703,S10190R,0.00000,2018-12-08 06:32:49.426331,init_linear_meter
307,34037,201703,RTCMGI_AL,0.21023,2018-12-08 06:32:49.426331,init_taux_de_marge
307,34037,201703,S24300,11.84271,2018-12-08 06:32:49.426331,init_provision_demarque
307,34037,201703,T6100E,194.14159,2018-12-08 06:32:49.426331,calcul_frais_surface
307,34037,201703,T6520E,26.08330,2018-12-08 06:32:49.426331,calcul_contribution
307,34037,201703,W200,30.59890,2018-12-08 06:32:49.426331,calcul_reduction_sur_marge
731,34037,201703,RTCMGI_AL,0.22904,2018-12-08 06:32:49.426331,init_taux_de_marge
731,34037,201703,S24300,13.41523,2018-12-08 06:32:49.426331,init_provision_demarque
731,34037,201703,T6100E,219.99196,2018-12-08 06:32:49.426331,calcul_frais_surface
731,34037,201703,T6520E,29.54673,2018-12-08 06:32:49.426331,calcul_contribution
731,34037,201703,W200,39.26445,2018-12-08 06:32:49.426331,calcul_reduction_sur_marge
901,34037,201703,RTCMGI_AL,0.12258,2018-12-08 06:32:49.426331,init_taux_de_marge
901,34037,201703,S24300,23.96137,2018-12-08 06:32:49.426331,init_provision_demarque
901,34037,201703,T6100E,392.89931,2018-12-08 06:32:49.426331,calcul_frais_surface
901,34037,201703,T6520E,52.77436,2018-12-08 06:32:49.426331,calcul_contribution
901,34037,201703,W200,125.26407,2018-12-08 06:32:49.426331,calcul_reduction_sur_marge
4704,34037,201703,RTCMGI_AL,0.09968,2018-12-08 06:32:49.426331,init_taux_de_marge
4704,34037,201703,S24300,84.90663,2018-12-08 06:32:49.426331,init_provision_demarque
4704,34037,201703,T6100E,1392.49110,2018-12-08 06:32:49.426331,calcul_frais_surface
4704,34037,201703,T6520E,187.00484,2018-12-08 06:32:49.426331,calcul_contribution
4704,34037,201703,W200,1572.84622,2018-12-08 06:32:49.426331,calcul_reduction_sur_marge
4713,34037,201703,RTCMGI_AL,0.08015,2018-12-08 06:32:49.426331,init_taux_de_marge
4713,34037,201703,S24300,30.21273,2018-12-08 06:32:49.426331,init_provision_demarque
4713,34037,201703,T6100E,495.50948,2018-12-08 06:32:49.426331,calcul_frais_surface
4713,34037,201703,T6520E,66.54283,2018-12-08 06:32:49.426331,calcul_contribution
4713,34037,201703,W200,199.15131,2018-12-08 06:32:49.426331,calcul_reduction_sur_marge
307,34037,201703,NETMGE,394.36670,2018-12-08 06:32:49.426331,calcul_marge_nette
731,34037,201703,NETMGE,486.38030,2018-12-08 06:32:49.426331,calcul_marge_nette
901,34037,201703,NETMGE,366.08455,2018-12-08 06:32:49.426331,calcul_marge_nette
4704,34037,201703,NETMGE,-172.82455,2018-12-08 06:32:49.426331,calcul_marge_nette
4713,34037,201703,NETMGE,195.50431,2018-12-08 06:32:49.426331,calcul_marge_nette
307,34037,201703,700TTC,2077.67000,2018-12-08 06:32:49.426331,init_t_order_week_but_dpt
731,34037,201703,700TTC,2353.55000,2018-12-08 06:32:49.426331,init_t_order_week_but_dpt
901,34037,201703,700TTC,4203.75000,2018-12-08 06:32:49.426331,init_t_order_week_but_dpt
4704,34037,201703,700TTC,14895.90000,2018-12-08 06:32:49.426331,init_t_order_week_but_dpt
4713,34037,201703,700TTC,5300.48000,2018-12-08 06:32:49.426331,init_t_order_week_but_dpt
307,34037,201703,13500_AL,131.00000,2018-12-08 06:32:49.426331,init_t_order_week_but_dpt
731,34037,201703,13500_AL,209.00000,2018-12-08 06:32:49.426331,init_t_order_week_but_dpt
901,34037,201703,13500_AL,188.00000,2018-12-08 06:32:49.426331,init_t_order_week_but_dpt
4704,34037,201703,13500_AL,1785.00000,2018-12-08 06:32:49.426331,init_t_order_week_but_dpt
4713,34037,201703,13500_AL,391.00000,2018-12-08 06:32:49.426331,init_t_order_week_but_dpt
307,34037,201703,S13298_AL,103.00000,2018-12-08 06:32:49.426331,init_t_order_week_but_dpt
731,34037,201703,S13298_AL,156.00000,2018-12-08 06:32:49.426331,init_t_order_week_but_dpt
901,34037,201703,S13298_AL,171.00000,2018-12-08 06:32:49.426331,init_t_order_week_but_dpt
4704,34037,201703,S13298_AL,930.00000,2018-12-08 06:32:49.426331,init_t_order_week_but_dpt
4713,34037,201703,S13298_AL,276.00000,2018-12-08 06:32:49.426331,init_t_order_week_but_dpt
307,34037,201703,NETMGI_AL,436.80833,2018-12-08 06:32:49.426331,init_t_order_week_but_dpt
731,34037,201703,NETMGI_AL,539.06000,2018-12-08 06:32:49.426331,init_t_order_week_but_dpt
901,34037,201703,NETMGI_AL,515.31000,2018-12-08 06:32:49.426331,init_t_order_week_but_dpt
4704,34037,201703,NETMGI_AL,1484.92829,2018-12-08 06:32:49.426331,init_t_order_week_but_dpt
4713,34037,201703,NETMGI_AL,424.86835,2018-12-08 06:32:49.426331,init_t_order_week_but_dpt
307,34037,201703,S10190R,10.50000,2018-12-08 06:32:49.426331,init_linear_meter
731,34037,201703,S10190R,29.20000,2018-12-08 06:32:49.426331,init_linear_meter
901,34037,201703,S10190R,26.80000,2018-12-08 06:32:49.426331,init_linear_meter
4693,34037,201703,S10190R,0.00000,2018-12-08 06:32:49.426331,init_linear_meter
4704,34037,201703,S10190R,86.60000,2018-12-08 06:32:49.426331,init_linear_meter
4713,34037,201703,S10190R,41.80000,2018-12-08 06:32:49.426331,init_linear_meter
409,34037,201703,RTCMGI_AL,0.16582,2018-12-08 06:32:49.426331,init_taux_de_marge
409,34037,201703,S24300,0.85973,2018-12-08 06:32:49.426331,init_provision_demarque
409,34037,201703,T6100E,13.98030,2018-12-08 06:32:49.426331,calcul_frais_surface
409,34037,201703,T6520E,1.89353,2018-12-08 06:32:49.426331,calcul_contribution
409,34037,201703,W200,0.16126,2018-12-08 06:32:49.426331,calcul_reduction_sur_marge
505,34037,201703,RTCMGI_AL,0.41198,2018-12-08 06:32:49.426331,init_taux_de_marge
505,34037,201703,S24300,2.02851,2018-12-08 06:32:49.426331,init_provision_demarque
505,34037,201703,T6100E,33.23619,2018-12-08 06:32:49.426331,calcul_frais_surface
505,34037,201703,T6520E,4.46775,2018-12-08 06:32:49.426331,calcul_contribution
505,34037,201703,W200,0.89775,2018-12-08 06:32:49.426331,calcul_reduction_sur_marge
709,34037,201703,RTCMGI_AL,0.21249,2018-12-08 06:32:49.426331,init_taux_de_marge
709,34037,201703,S24300,139.68687,2018-12-08 06:32:49.426331,init_provision_demarque
709,34037,201703,T6100E,2291.05541,2018-12-08 06:32:49.426331,calcul_frais_surface
709,34037,201703,T6520E,307.65704,2018-12-08 06:32:49.426331,calcul_contribution
709,34037,201703,W200,4257.10423,2018-12-08 06:32:49.426331,calcul_reduction_sur_marge
4691,34037,201703,RTCMGI_AL,0.25295,2018-12-08 06:32:49.426331,init_taux_de_marge
4691,34037,201703,S24300,2.84259,2018-12-08 06:32:49.426331,init_provision_demarque
4691,34037,201703,T6100E,46.55705,2018-12-08 06:32:49.426331,calcul_frais_surface
4691,34037,201703,T6520E,6.26073,2018-12-08 06:32:49.426331,calcul_contribution
4691,34037,201703,W200,1.76291,2018-12-08 06:32:49.426331,calcul_reduction_sur_marge
4701,34037,201703,RTCMGI_AL,0.19859,2018-12-08 06:32:49.426331,init_taux_de_marge
4701,34037,201703,S24300,19.44061,2018-12-08 06:32:49.426331,init_provision_demarque
4701,34037,201703,T6100E,318.77732,2018-12-08 06:32:49.426331,calcul_frais_surface
4701,34037,201703,T6520E,42.81744,2018-12-08 06:32:49.426331,calcul_contribution
4701,34037,201703,W200,82.45611,2018-12-08 06:32:49.426331,calcul_reduction_sur_marge
409,34037,201703,NETMGE,23.99067,2018-12-08 06:32:49.426331,calcul_marge_nette
505,34037,201703,NETMGE,143.69039,2018-12-08 06:32:49.426331,calcul_marge_nette
709,34037,201703,NETMGE,810.76221,2018-12-08 06:32:49.426331,calcul_marge_nette
4691,34037,201703,NETMGE,121.54116,2018-12-08 06:32:49.426331,calcul_marge_nette
4701,34037,201703,NETMGE,575.45443,2018-12-08 06:32:49.426331,calcul_marge_nette
409,34037,201703,700TTC,150.83000,2018-12-08 06:32:49.426331,init_t_order_week_but_dpt
505,34037,201703,700TTC,355.88000,2018-12-08 06:32:49.426331,init_t_order_week_but_dpt
709,34037,201703,700TTC,24506.47000,2018-12-08 06:32:49.426331,init_t_order_week_but_dpt
4691,34037,201703,700TTC,498.70000,2018-12-08 06:32:49.426331,init_t_order_week_but_dpt
4701,34037,201703,700TTC,3410.63338,2018-12-08 06:32:49.426331,init_t_order_week_but_dpt
409,34037,201703,13500_AL,17.00000,2018-12-08 06:32:49.426331,init_t_order_week_but_dpt
505,34037,201703,13500_AL,12.00000,2018-12-08 06:32:49.426331,init_t_order_week_but_dpt
709,34037,201703,13500_AL,1665.00000,2018-12-08 06:32:49.426331,init_t_order_week_but_dpt
4691,34037,201703,13500_AL,31.00000,2018-12-08 06:32:49.426331,init_t_order_week_but_dpt
4701,34037,201703,13500_AL,29.00000,2018-12-08 06:32:49.426331,init_t_order_week_but_dpt
409,34037,201703,S13298_AL,14.00000,2018-12-08 06:32:49.426331,init_t_order_week_but_dpt
505,34037,201703,S13298_AL,8.00000,2018-12-08 06:32:49.426331,init_t_order_week_but_dpt
709,34037,201703,S13298_AL,1063.00000,2018-12-08 06:32:49.426331,init_t_order_week_but_dpt
4691,34037,201703,S13298_AL,27.00000,2018-12-08 06:32:49.426331,init_t_order_week_but_dpt
4701,34037,201703,S13298_AL,28.00000,2018-12-08 06:32:49.426331,init_t_order_week_but_dpt
409,34037,201703,NETMGI_AL,25.01166,2018-12-08 06:32:49.426331,init_t_order_week_but_dpt
505,34037,201703,NETMGI_AL,146.61666,2018-12-08 06:32:49.426331,init_t_order_week_but_dpt
709,34037,201703,NETMGI_AL,5207.55333,2018-12-08 06:32:49.426331,init_t_order_week_but_dpt
4691,34037,201703,NETMGI_AL,126.14666,2018-12-08 06:32:49.426331,init_t_order_week_but_dpt
4701,34037,201703,NETMGI_AL,677.35115,2018-12-08 06:32:49.426331,init_t_order_week_but_dpt
409,34037,201703,S10190R,2.90000,2018-12-08 06:32:49.426331,init_linear_meter
505,34037,201703,S10190R,2.00000,2018-12-08 06:32:49.426331,init_linear_meter
709,34037,201703,S10190R,91.70000,2018-12-08 06:32:49.426331,init_linear_meter
4691,34037,201703,S10190R,3.00000,2018-12-08 06:32:49.426331,init_linear_meter
4701,34037,201703,S10190R,62.00000,2018-12-08 06:32:49.426331,init_linear_meter
